EVTDESC260;I have shown great heroism in this glorious victory! My prestige has greatly increased!;;;;;;;;;;;;;x
EVTDESC290;Dear [Root.GetTitledName], I have decided to institute the [From.GetProposedLaw] Law in the [From.Holder.PrimaryTitle.GetFullName]. All that is needed is the support of yourself and my other loyal vassals. I look forward to know your decision on this urgent matter.\n\nYour [From.Holder.GetTitle];;;;;;;;;;;;;x
EVTOPTA290;Approve the institution of the [From.GetProposedLaw] Law.;;;;;;;;;;;;;x
EVTOPTB290;Ignore this request for now...;;;;;;;;;;;;;x
EVTDESC403;Today, the morning is the bringer of good news!\nMy wife [From.GetFirstName] thinks she is with child!;;;;;;;;;;;;;x
EVTOPTA403;Excellent.;;;;;;;;;;;;;x
EVTOPTB403;Praise God and His Saints!;;;;;;;;;;;;;x
EVTOPTA3126;I should provide immediately...;;;;;;;;;;;;;x
EVTDESC3193;After my scolding of the priest, I left fuming with anger and was ready to slap whoever it was that touched my arm to stop me. In front of me stood [From.GetTitledFirstName], who told me that the priest certainly deserved the scolding, given all I had done for him.;;;;;;;;;;;;;x
EVTDESC3385;I would be content with visiting the local church once in a while, but if I don't show up the priest scolds me and tells me I should set a better example for my subjects.;;;;;;;;;;;;;x
EVTOPTA3385;I guess I should listen to him...;;;;;;;;;;;;;x
EVTOPTB3385;I could not care less.;;;;;;;;;;;;;x
EVTDESC3475;The greedy priests of the land always need more gold for their rites, but I have deep pockets and after all it's for a good cause...;;;;;;;;;;;;;x
EVTOPTA3475;I hope [Root.Religion.GetRandomGodName] can see this.;;;;;;;;;;;;;x
EVTDESC5040;My everyday tasks as [Root.GetTitle] of [Root.PrimaryTitle.GetName] are getting more and more boring. Even conversations with my courtiers bore me. I need something new and exciting in my life...;;;;;;;;;;;;;x
EVTOPTA5040;I will go hunting in the woods...;;;;;;;;;;;;;x
EVTTOOLTIP5041;Disastrous Hunt;;;;;;;;;;;;;x
EVTTOOLTIP5042;Fortunate Hunt;;;;;;;;;;;;;x
EVTOPTB5040;Perhaps I should become a falconer...;;;;;;;;;;;;;x
EVTTOOLTIP5043;Disastrous Falconry;;;;;;;;;;;;;x
EVTTOOLTIP5044;Fortunate Falconry;;;;;;;;;;;;;x
EVTDESC5041;The day spent in the woods hunting was a huge disappointment. There was no prey in sight, and in the end my horse even threw me off...;;;;;;;;;;;;;x
EVTOPTA5041;Forget it! This is enough!;;;;;;;;;;;;;x
EVTOPTB5041;Maybe I should try falconry instead...;;;;;;;;;;;;;x
EVTOPTB5043;Maybe I should try hunting instead...;;;;;;;;;;;;;x
EVTDESC6060;I don't feel too well, something is wrong with me. I am burning up with fever, my nose is running and my head feels as if someone is banging something hard against it.;;;;;;;;;;;;;x
EVTOPTA6060;Let us hope it will pass quickly...;;;;;;;;;;;;;x
EVTOPTB6060;Pain is a blessed reminder of our Lord's Passion.;;;;;;;;;;;;;x
EVTDESC6082;An old wound is aggravating and getting more and more painful every day. The local priest offered himself to assist me and dressed the wound with a mixture of healing herbs, but his remedies have proven ineffective so far...;;;;;;;;;;;;;x
EVTOPTA6082;May [Root.Religion.GetRandomGodName] have mercy on me...;;;;;;;;;;;;;x
EVTDESC6114;The disease is gone.\nAnd I am alive...;;;;;;;;;;;;;x
EVTOPTA6114;I am alive!;;;;;;;;;;;;;x
EVTDESC6115;You are enjoying a respite when you suddenly realize the fever has not returned for several days. Might this horrible illness finally be gone?;;;;;;;;;;;;;x
EVTOPTA6115;At last!;;;;;;;;;;;;;x
EVTDESC6317;Your horse has always struck you as being of a dependable sort, a quality you feel is sorely lacking in your councillors. Time to shake things up a bit. You will appoint him as your new [Root.GetChancellorName].;Votre cheval est d'une fiabilité à toute épreuve, qualité qui fait cruellement défaut à vos conseillers, selon vous. Il est temps de remettre un peu d'ordre autour de vous. Vous décidez d'en faire le nouveau [Root.GetChancellorName].;Euer Pferd schien Euch schon immer eine besonders vertrauenswürdige Kreatur zu sein – was Ihr von Euren Ratsmitgliedern leider nicht immer sagen konntet. Höchste Zeit, für etwas frischen Wind zu sorgen! Euer treues Ross soll Euer neuer [Root.GetChancellorName];;Tu caballo siempre ha mostrado ser digno de confianza, cualidad que crees muy escasa entre tus consejeros. Es hora de cambiar las cosas por aquí. Lo nombrarás tu nuevo [Root.GetChancellorName].;;;;;;;;;x;;
EVTOPTA6317;Incitatus, I appoint thee as the [Root.GetChancellorName] of the realm.;Sabot-luisant, je fais de toi le nouveau [Root.GetChancellorName] du royaume.;Glitzerhuf, als Euer Fürst ernennen Wir Euch zum [Root.GetChancellorName] des Reiches.;;Pezuña Brillante, yo os nombro [Root.GetChancellorName] del reino.;;;;;;;;;x;;
EVTOPTA6317_1;Llamrei, I appoint thee as the [Root.GetChancellorName] of the realm.;Sabot-luisant, je fais de toi le nouveau [Root.GetChancellorName] du royaume.;Glitzerhuf, als Euer Fürst ernennen Wir Euch zum [Root.GetChancellorName] des Reiches.;;Pezuña Brillante, yo os nombro [Root.GetChancellorName] del reino.;;;;;;;;;x;;
EVTDESC6318;Your mad [Root.Liege.GetTitle] has decided, in [Root.Liege.GetHerHis] infinite wisdom, to relieve you of your post as [Root.Liege.GetChancellorName]. Incitatus, [Root.Liege.GetHerHis] beloved horse, will be taking your place.;Votre [Root.Liege.GetTitle] extravagant a décidé, dans son infinie sagesse, de vous retirer de votre fonction de [Root.Liege.GetChancellorName]. Sabot-luisant, son cheval bien aimé, a été nommé à votre place.;Euer geisteskranker [Root.Liege.GetTitle] hat als weiser [Root.Liege.GetHerHis] beschlossen, Euch als [Root.Liege.GetChancellorName] abzusetzen. Glitzerhuf, das Pferd Eures [Root.Liege.GetHerHis]s wird künftig Euren Platz einnehmen.;;Tu enloquecido [Root.Liege.GetTitle] ha decidido, en [Root.Liege.GetHerHis] infinita sabiduría, relevarte de tu puesto como [Root.Liege.GetChancellorName]. Pezuña de Oro, [Root.Liege.GetHerHis] amado caballo, ocupará tu lugar.;;;;;;;;;x;;
EVTDESC6318_1;Your mad [Root.Liege.GetTitle] has decided, in [Root.Liege.GetHerHis] infinite wisdom, to relieve you of your post as [Root.Liege.GetChancellorName]. [horse_chancellor_target.GetFirstName], [Root.Liege.GetHerHis] beloved horse, will be taking your place.;Votre [Root.Liege.GetTitle] extravagant a décidé, dans son infinie sagesse, de vous retirer de votre fonction de [Root.Liege.GetChancellorName]. Sabot-luisant, son cheval bien aimé, a été nommé à votre place.;Euer geisteskranker [Root.Liege.GetTitle] hat als weiser [Root.Liege.GetHerHis] beschlossen, Euch als [Root.Liege.GetChancellorName] abzusetzen. Glitzerhuf, das Pferd Eures [Root.Liege.GetHerHis]s wird künftig Euren Platz einnehmen.;;Tu enloquecido [Root.Liege.GetTitle] ha decidido, en [Root.Liege.GetHerHis] infinita sabiduría, relevarte de tu puesto como [Root.Liege.GetChancellorName]. Pezuña de Oro, [Root.Liege.GetHerHis] amado caballo, ocupará tu lugar.;;;;;;;;;x;;
horse_chancellor;You are forced through the indignity of watching as Incitatus is led into the council chambers and appointed [Root.Liege.GetChancellorName].;On vous inflige le spectacle indigne de Sabot-luisant intégrant le conseil municipal sous sa nouvelle fonction de [Root.Liege.GetChancellorName].;Ihr seid gezwungen, Glitzerhufs feierlicher Amtseinführung beizuwohnen und zuzuschauen, wie er als neuer [Root.Liege.GetChancellorName] eingesetzt wird.;;Te obligan a sufrir la humillación de ver cómo Pezuña de Oro es escoltado hasta la Sala del Consejo y nombrado [Root.Liege.GetChancellorName].;;;;;;;;;x;;
horse_chancellor_1;You are forced through the indignity of watching as [horse_chancellor_target.GetFirstName] is led into the council chambers and appointed [Root.Liege.GetChancellorName].;On vous inflige le spectacle indigne de Sabot-luisant intégrant le conseil municipal sous sa nouvelle fonction de [Root.Liege.GetChancellorName].;Ihr seid gezwungen, Glitzerhufs feierlicher Amtseinführung beizuwohnen und zuzuschauen, wie er als neuer [Root.Liege.GetChancellorName] eingesetzt wird.;;Te obligan a sufrir la humillación de ver cómo Pezuña de Oro es escoltado hasta la Sala del Consejo y nombrado [Root.Liege.GetChancellorName].;;;;;;;;;x;;
EVTOPTA6318;This time that maniac has gone too far...;Cette fois, ce fou furieux est allé trop loin…;Dieses Mal hat dieser Wahnsinnige den Bogen überspannt!;;Esta vez ese maniaco ha ido demasiado lejos...;;;;;;;;;x;;
EVTDESC6360;A loud sneeze interrupts [Root.GetMyMarshalName] [Root.job_marshal.GetTitledFirstName]'s speech on the importance of camp hygiene. 'I am sorry, my [Root.GetLordLady],' mutters [Root.job_spymaster.GetTitledFirstName], the [Root.GetSpymasterName], casting a quick glance at the cat on my lap. 'If you could only leave the creature out of our meetings, this would not happen again, I swear.';Un fort éternuement interrompt le discours du [Root.GetMyMarshalName] [Root.job_marshal.GetTitledFirstName] sur l'importance de l'hygiène du camp. « Je suis désolé[Root.job_spymaster.GetNoneE], M[Root.GetOnA][Root.GetLordLady] », murmure [Root.job_spymaster.GetTitledFirstName], le [Root.GetSpymasterName], jetant un coup d'œil rapide sur le chat sur mes genoux. « Si vous laissiez l'animal hors de nos réunions, cela ne se reproduirait plus, je vous l'assure.;Ein lautes niesen unterbricht die Rede von [Root.GetMyMarshalName] [Root.job_marshal.GetTitledFirstName] über die Wichtigkeit der Lagerhygiene. "Es tut mir, m[Root.Geteineine] [Root.GetLordLady]", murmelt [Root.job_spymaster.GetTitledFirstName] [Root.GetSpymasterName] mit einem schnellen Blick auf die Katze auf meinem Schoß. "Wenn Ihr nur diese Kreatur aus unseren Treffen fernhalten könntet, würde es nicht wieder passieren, ich schwöre.";;Un estornudo fuerte interrumpe el discurso de [Root.GetMyMarshalName] [Root.job_marshal.GetTitledFirstName] sobre la importancia de la higiene en los campamentos. 'Lo siento, mi [Root.GetLordLady]', murmura [Root.job_spymaster.GetTitledFirstName], [Root.GetSpymasterName], mirando fugazmente al gato en mi regazo. 'Si dejáis a esa criatura fuera de nuestras reuniones, esto no se repetirá, lo juro'.;;;;;;;;;x
EVTOPTA6360;How dare you blame little innocent Regulus?!;Comment osez-vous blâmer mon petit chat ?;Wie könnt ihr wagen, die kleine unschuldige Schnurri zu beschuldigen!?;;¿Cómo osas culpar al pobre e inocente Mitones?;;;;;;;;;x
EVTOPTB6360;Perhaps you are right, [Root.job_spymaster.GetFirstName]. The council is no place for a cat.;Peut-être avez-vous raison, [Root.job_spymaster.GetFirstName]. Le Conseil n'est pas un endroit pour un chat.;Vielleicht habt ihr recht, [Root.job_spymaster.GetFirstName]. Der Rat ist kein Ort für eine Katze.;;Puede que tengas razón, [Root.job_spymaster.GetFirstName]. El consejo no es lugar para un gato.;;;;;;;;;x
EVTDESC6361;I am awoken by a soft pat on my cheek. 'Oh, Regulus. Are you having trouble falling asleep?' She jumps down from my bed and starts pawing at the door. 'Let's go to the kitchen and get you some warm milk.' But as I close my bedroom door behind me, Regulus heads in the opposite direction.;Je suis réveillé[Root.GetNoneE] par une douce tape sur ma joue. « Oh, Moufle. As-tu du mal à t'endormir? » Mon chat descend de mon lit et gratte à la porte. « Allons à la cuisine te trouver du lait chaud ». Mais lorsque je ferme la porte de ma chambre derrière moi, Moufle part dans la direction opposée.;Ich bin von einem sanften Klaps auf meine Wange erwacht. "Oh, Schnurri. Hast du Schwierigkeiten beim Einschlafen?" Sie springt von meinem Bett und fängt an, an der Tür zu kratzen. "Gehen wir in die Küche und besorgen dir etwas warme Milch." Nachdem ich allerdings die Schlafzimmertür hinter mir zugezogen hatte, lief Schnurri in die entgegengesetzte Richtung...;;Me despierta una palmadita en la mejilla. '¿Te cuesta conciliar el sueño, Mitones?'. Salta de mi cama y empieza a tocar la puerta. 'Vamos a la cocina a por leche caliente'. Pero cuando cierro la puerta de mis aposentos tras mí, Mitones se dirige en la dirección contraria.;;;;;;;;;x
EVTOPTA6361;Follow Regulus down the dark corridor.;Suivre Moufle dans le couloir sombre.;Folge Schnurri den dunklen Korridor hinunter.;;Sigue a Mitones por el pasillo oscuro.;;;;;;;;;x
EVTOPTB6361;Go to the kitchen, she is sure to follow.;Aller à la cuisine, le chat devrait vous suivre.;Gehe in die Küche. Sie wird sicher folgen.;;Ve a la cocina, ya te seguirá.;;;;;;;;;x
EVTDESC6362;As I round a corner, I spot Regulus' fluffy tail as she squeezes through the chamber door of my [Root.GetSpymasterName], [Root.job_spymaster.GetFullName]! I enter, finding Regulus curled up on [Root.job_spymaster.GetHerHis] chest, licking [Root.job_spymaster.GetHerHis] face, but [Root.job_spymaster.GetFirstName] does not react. The [Root.job_spymaster.GetManWoman] before me is completely still, not even breathing, and [Root.job_spymaster.GetHerHis] face is strangely swollen...;Alors que je franchis un coin, je repère la queue moelleuse de Moufle près de la porte de la chambre de mon [Root.GetSpymasterName], [Root.job_spymaster.GetFullName]! J'entre et trouve mon chat en boule sur sa poitrine, léchant son visage, mais [Root.job_spymaster.GetFirstName] ne réagit pas. [Root.job_spymaster.GetLLaCap][Root.job_spymaster.GetManWoman] devant moi est complètement immobile, ne respire même pas, et son visage est étrangement enflé...;Als ich um die Ecke ging, spürte ich Schnurris flauschigen Schwanz, als sie sich durch die Kammertür meines [Root.GetSpymasterName], [Root.job_spymaster.GetFullName] zwang! Ich ging hinein und fand Schnurri eingerollt auf [Root.job_spymaster.GetHerHis]er Brust, wie sie [Root.job_spymaster.GetHerHis] Gesicht leckte. [Root.job_spymaster.GetFirstName] reagierte allerdings nicht. [Root.job_spymaster.GetDerDie] [Root.job_spymaster.GetManWoman] vor mir ist ganz still, nicht einmal ein Atmen hört man und [Root.job_spymaster.GetHerHis] Gesicht ist seltsam geschwollen...;;Al girar la esquina, ¡veo la mullida cola de Mitones colarse por la puerta de los aposentos de [Root.job_spymaster.GetFullName], mi [Root.GetSpymasterName]! Entro, veo a Mitones acurrucarse sobre su pecho, lamerle la cara, pero [Root.job_spymaster.GetFirstName] no reacciona. La persona que tengo delante está totalmente quieta, ni respira, y tiene la cara extrañamente hinchada…;;;;;;;;;x
EVTOPTA6362;You have discovered a murder, Regulus! Clever kitty!;Tu as découvert un meurtre, Moufle! Quel chaton intelligent !;Du hast einen Mord entdeckt, Schnurri! Kluges Kätzchen!;;¡Has descubierto un asesinato, Mitones! ¡Gato listo!;;;;;;;;;x
EVTDESC6363;Apparently, it was not bad enough when that stupid animal glared at us from the saftey of [FromFrom.GetTitledFirstName]'s lap. Now it has its own chair, and a seat on the council, to boot! The [FromFrom.GetTitle] has informed us that the former [FromFrom.GetSpymasterName] was poisoned, but a servant who helped move the body insist that the [FromFrom.GetSpymasterName] was suffocated...;Apparemment, ce n'était pas assez grave lorsque ce stupide animal nous regardait depuis les genoux douillets de [FromFrom.GetTitledFirstName]. Maintenant, il a sa propre chaise, et un siège au Conseil, en plus! Le [FromFrom.GetTitle] nous a dit que l'ancien [FromFrom.GetSpymasterName] avait été empoisonné, mais un serviteur qui a aidé à déplacer le corps affirme que le [FromFrom.GetSpymasterName] a été étouffé...;Anscheinend war es nicht schon schlimm genug, dass dieses dumme Tier und aus der Geborgenheit des Schoßes von [FromFrom.GetTitledFirstName] anstarrte. Jetzt hat es obendrein noch seinen eigenen Stuhl und einen Sitz im Rat. [FromFrom.GetTitle] informierte uns, dass der ehemalige [FromFrom.GetSpymasterName] vergiftet wurde. Ein Diener, der dabei half den Körper zu bewegen besteht allerdings drauf, dass [FromFrom.GetSpymasterName] erstickt wurde...;;Como si no fuera malo que ese estúpido animal nos mirase desde la seguridad del regazo de [FromFrom.GetTitledFirstName]. ¡Encima ahora tiene su propia silla y un asiento en el consejo! El [FromFrom.GetTitle] nos ha informado que el anterior [FromFrom.GetSpymasterName] murió por veneno, pero un sirviente que ayudó a mover el cuerpo, insiste en que fue asfixia…;;;;;;;;;x
EVTOPTA6363;Is anyone on the council safe? This is a catastrophe!;Y a-t-il un membre du Conseil qui soit sauf ? C'est une catastrophe !;Ist niemand im Rat sicher? Das ist eine Katastrophe!;;¿Está a salvo alguien en el consejo? ¡Es una catástrofe!;;;;;;;;;x
opinion_cat_spymaster;Has a Cat Spymaster;A un chat maître-espion;Hat eine Katze als Hofspitzel;;Tiene un gato jefe de espías;;;;;;;;;x
opinion_my_servant;My Servant;Mon serviteur;Mein Diener;;Mi sirviente;;;;;;;;;x
opinion_my_kitten;My Kitten;Mon chaton;Mein Kätzchen;;Mi gato;;;;;;;;;x
opinion_no_cat;Agreed About a Cat's Place;A convenu d'un lieu pour chat;Stimmte für einen Katzenplatz;;Aceptó el lugar del gato;;;;;;;;;x
cat_start;The council continues;Le Conseil continue;Der Rat fährt fort;;El consejo continúa;;;;;;;;;x
cat_corridor;Follow §YMittens§!;Suivre §YMoufle§!;Folgt §YSchnurri§!;;Sigue a §YMitones§!;;;;;;;;;x
cat_kitchen;Share some milk with §YMittens§!;Partager du lait avec §YMoufle§!;Gebt §YSchnurri§! etwas Milch;;Comparte leche con §YMitones§!;;;;;;;;;x
kitten_spymaster;The kitten §YMittens§! is now Spymaster;Le chaton §YMoufle§! est dorénavant maître-espion;Das Kätzchen §YSchnurri§! ist jetzt Hofspitzel;;El gato §YMitones§! es ahora jefe de espías;;;;;;;;;x
cat;Cat;Chat;Katze;;Gato;;;;;;;;;x
cat_desc;This is a cat...;Ceci est un chat...;Das ist eine Katze...;;Es un gato…;;;;;;;;;x
EVTDESC8210_tribal;You have shown yourself weak and undeserving of our fealty. I speak for all the chiefs when I say that it is time for someone more worthy to lead us.\n\nSigned,\n[From.GetTitledName];;;;;;;;;;;;;x
EVTDESC8211_tribal;Rather than meet us on the battlefield, the cowardly [From.GetTitledName] has agreed to our demands and allowed [FromFrom.GetTitledName] to take power in the realm.;;;;;;;;;;;;;x
EVTDESC8212_tribal;Under pressure from a faction of disgruntled chiefs, [From.GetTitledName] has agreed to step down and cede control of the realm to [FromFrom.GetTitledName].;;;;;;;;;;;;;x
EVTDESC8213_tribal;Your treachery will not be forgotten. However, rather than fight a fruitless war I will agree to support you as the new king... for now.;;;;;;;;;;;;;x
EVTOPTC37057;Long life to them... in the Bottomless Pit!;;;;;;;;;;;;;x
EVTOPTC38000_pagan;Never!;;;;;;;;;;;;;x
EVTOPTA50002;Return [From.GetHerHim] to [From.GetHerHis] quarters.;;;;;;;;;;;x
EVTOPTB50002;Throw [From.GetHerHim] back in [From.GetHerHis] cell.;;;;;;;;;;;x
EVTOPTC50002;Throw [From.GetHerHim] in the Bottomless Pit!;;;;;;;;;;;x
EVTOPTC50003;[From.GetTitledFirstName] sent me to the Bottomless Pit!;;;;;;;;;;;;;x
EVTDESC50006;My prisoner, [From.GetBestName], is complaining about [From.GetHerHis] dark cell in the dungeon, asking for more suitable accommodations...;;;;;;;;;;;;;x
EVTOPTA50006;Ridiculous. Let [From.GetObjectPronoun] rot.;;;;;;;;;;;;;x
EVTOPTB50006;Very well, I shall be merciful.;;;;;;;;;;;;;x
EVTOPTC50006;Suitable? Throw him in the Bottomless Pit!;;;;;;;;;;;;;x
EVTDESC50008;Cruel [Root.Host.GetTitledFirstName] decided I should be forgotten in the Bottomless Pit! This is the end of me...;;;;;;;;;;;;;x
EVTDESC55100;Your Tribal vassal, [From.GetTitledName], has adopted [From.Government.GetName] government.;;;;;;;;;;;;;;x
EVTDESC64015;My wife [Root.Spouse.GetFirstName] has grown old and less than attractive. Maybe a young concubine will bring some excitement to my life?;;;;;;;;;;;;;x
EVTOPTA64015;I am sure my wife will allow me to indulge myself.;;;;;;;;;;;;;x
EVTTOOLTIP64017;[Root.GetTitledFirstName] tries to seduce [This.GetTitledFirstName];;;;;;;;;;;;;x
EVTOPTB64015;She will probably not find out...;;;;;;;;;;;;;x
EVTOPTC64015;No, adultery is a sin!;;;;;;;;;;;;;x
EVTDESC72011;Dear [Root.GetBestName], I hereby invite you to the grand feast in [From.Location.GetName]. Your presence at the feast would be greatly appreciated and I look forward to your attendance.\n\n[From.GetTitledFirstName];;;;;;;;;;;;;x
EVTOPTA72011;I will gladly travel to the feast.;;;;;;;;;;;;;x
EVTOPTB72011;I will not attend.;;;;;;;;;;;;;x
EVTDESC75040;There is an infidel in my liege [Root.Liege.GetTitledFirstName]'s court.;;;;;;;;;;;;;x
EVTOPTA75040;Demand to liege that the infidel should be burned at the stake.;;;;;;;;;;;;;x
EVTTOOLTIP75041;[This.GetTitledFirstName] decides if the infidel should be burned at the stake or not...;;;;;;;;;;;;;x
EVTOPTB75040;Demand to liege that the infidel should be exiled.;;;;;;;;;;;;;x
EVTTOOLTIP75042;[This.GetTitledFirstName] decides if the infidel should be exiled or not...;;;;;;;;;;;;;x
EVTDESC75041;My [Root.GetLordSpiritualName] [From.GetTitledFirstName] told me in confidence that among our courtiers there is an infidel with dangerous beliefs.\n'I recommend you set an example and burn the infidel on the stake!' [From.GetSheHe] said.;;;;;;;;;;;;;x
EVTOPTA75041;Yes, the infidel must be burned at the stake!;;;;;;;;;;;;;x
EVTOPTB75041;No. I will do no such thing.;;;;;;;;;;;;;x
EVTDESC75042;[Root.GetLordSpiritualName] [From.GetTitledFirstName] found an infidel at my court and insisted, or more precisely demanded, that I would banish the misbeliever on pain of death.;;;;;;;;;;;;;x
EVTOPTA75042;Indeed. The infidel will be banished.;;;;;;;;;;;;;x
EVTOPTB75042;No. I will not banish anyone.;;;;;;;;;;;;;x
EVTDESC75043;I watched gleefully as the infidel burned at the stake. The infidel will burn in the [Root.Religion.GetName] Hell as it burns now until the sins has burned from its soul.;;;;;;;;;;;;;x
EVTOPTA75043;No more false religions.;;;;;;;;;;;;;x
EVTDESC75044;Despite my demands, warnings and even pleas, [From.GetTitledFirstName] refused to burn the infidel at the stake.;;;;;;;;;;;;;x
EVTOPTA75044;This is troubling news...;;;;;;;;;;;;;x
EVTDESC75045;The infidel was banished from the lands of [From.GetTitledFirstName] and forced to never return on pain of death.;;;;;;;;;;;;;x
EVTOPTA75045;This is excellent news!;;;;;;;;;;;;;x
EVTDESC75046;[From.GetTitledFirstName] chose to ignore my demands. The infidel I had found was not even banished and was let go without any punishment.;;;;;;;;;;;;;x
EVTOPTA75046;This is troubling news...;;;;;;;;;;;;;x
EVTDESC75050;There is a dangerous misbeliever in my liege [Root.Liege.GetTitledFirstName]'s court. As [Root.Liege.GetLordSpiritualName], my duty is to inform [Root.Liege.GetHerHim] immediately and suggest a proper solution...;;;;;;;;;;;;;x
EVTOPTA75050;Demand to liege that the heretic should be burned at the stake.;;;;;;;;;;;;;x
EVTTOOLTIP75051;[This.GetTitledFirstName] decides if the heretic should be burned at the stake or not...;;;;;;;;;;;;;x
EVTOPTB75050;Demand to liege that the heretic should be exiled.;;;;;;;;;;;;;x
EVTTOOLTIP75052;[This.GetTitledFirstName] decides if the heretic should be exiled or not...;;;;;;;;;;;;;x
EVTDESC75051;My [Root.GetLordSpiritualName] [From.GetTitledFirstName] told me in confidence that among our courtiers there is a heretic with dangerous beliefs.\n'I recommend you set an example and burn the misbeliever on the stake!' [From.GetSheHe] said.;;;;;;;;;;;;;x
EVTOPTA75051;The heretic will burn. It is the will of God.;;;;;;;;;;;;;x
EVTOPTB75051;No one will be burned at the stake. Are you insane?;;;;;;;;;;;;;x
EVTDESC75052;[Root.GetLordSpiritualName] [From.GetTitledFirstName] found a heretic at my court and insisted, or more precisely demanded, that I would banish the misbeliever on pain of death.;;;;;;;;;;;;;x
EVTOPTA75052;Indeed. The heretic will be banished.;;;;;;;;;;;;;x
EVTOPTB75052;No. I will not do this.;;;;;;;;;;;;;x
EVTDESC75053;The heretic must have regretted his sins as he burned at the stake. This will be an excellent warning who challenges the one true faith, the [Root.Religion.GetName] faith.;;;;;;;;;;;;;x
EVTOPTA75053;Burn.;;;;;;;;;;;;;x
EVTDESC75054;What good is my position as [From.GetLordSpiritualName] if my liege won't listen to me? The heretic did not burn on the stake despite my desperate demands to [From.GetTitledFirstName].;;;;;;;;;;;;;x
EVTOPTA75054;This is troubling news...;;;;;;;;;;;;;x
EVTDESC75055;[From.GetTitledFirstName] banished the heretic on pain of death if he would ever return.;;;;;;;;;;;;;x
EVTOPTA75055;It is the will of God.;;;;;;;;;;;;;x
EVTDESC75056;[From.GetTitledFirstName] ignored my demands about banishing the heretic.;;;;;;;;;;;;;x
EVTOPTA75056;This is troubling news...;;;;;;;;;;;;;x
EVTDESC75075;[Root.GetTreasurerName] [Root.job_treasurer.GetTitledFirstName] wants to hire a group of thugs and hoodlums to intimidate the locals who are not paying their taxes. [Root.job_treasurer.GetSheHeCap] seems to be sure this is the most effective approach to the problem.;;;;;;;;;;;;;x
EVTOPTA75075;[Root.job_treasurer.GetSheHeCap] can do what [Root.job_treasurer.GetSheHe] wants, as long as taxes are entering the treasury.;;;;;;;;;;;;;x
EVTOPTB75075;Prevent the [Root.GetTreasurerName] from doing any harm. We can afford it.;;;;;;;;;;;;;x
EVTOPTC75075;Intimidate the people? I will never agree to that!;;;;;;;;;;;;;x
EVTOPTD75075;Intimidate? Not enough! Arrest whoever has not paid their taxes!;;;;;;;;;;;;;x
EVTDESC75085;[Root.GetTreasurerName] [Root.job_treasurer.GetTitledFirstName] has had some interesting ideas on how to improve the administration of our treasury and increase the trading of imported wares through the land.;;;;;;;;;;;;;x
EVTOPTA75085;I trust [Root.job_treasurer.GetHerHim]. Adopt the [Root.GetTreasurerName]'s ideas.;;;;;;;;;;;;;x
EVTOPTB75085;Too expensive. It's not worth it.;;;;;;;;;;;;;x
EVTDESC75120;[Root.GetMarshalName] [Root.job_marshal.GetTitledFirstName] told me about [Root.job_marshal.GetHerHis] ideas about the storage and transport of supplies for our soldiers. I couldn't really understand what [Root.job_marshal.GetSheHe] was talking about, but [Root.job_marshal.GetSheHe] was adamant in [Root.job_marshal.GetHerHis] belief that this would improve our effectiveness on the field of battle.;;;;;;;;;;;;;x
EVTOPTA75120;I trust [Root.job_marshal.GetHerHim]. Adopt the [Root.GetMarshalName]'s ideas.;;;;;;;;;;;;;x
EVTOPTB75120;An expensive idea, too. It's not worth it.;;;;;;;;;;;;;x
EVTDESC77007;The farmers, the priests and the feudal lords all claim the right to spoils from shipwrecks that capsize outside of [Root.GetName]. The rights to the spoils will be given to...;;;;;;;;;;;;;x
EVTOPTA77007;...the priests.;;;;;;;;;;;;;x
EVTOPTB77007;...the commoners.;;;;;;;;;;;;;x
EVTOPTC77007;...the feudal Lords.;;;;;;;;;;;;;x
EVTOPTD77007;...the Crown!;;;;;;;;;;;;;x
EVTDESC7515;Through the machinations of a secret conspiracy of noblemen, [From.GetTitledName] has been forced to abdicate one of [From.GetHerHis] titles. After much deliberation, the lords of the realm have finally managed to agree on you as the least offensive candidate for the title. Congratulations, [From.GetTitle].;;;;;;;;;;;;;x
EVTDESC31203121;Is this my last breath...?;;;;;;;;;;;;;x
EVTOPTA31203121;Soon I will cross the sword brigde, and feast in the Otherworld.;;;;;;;;;;;;;x
EVTOPTB31203121;May God have mercy on my soul.;;;;;;;;;;;;;x
EVTOPTC31203121;Soon I will be feasting among Gods in the Valhöll.;;;;;;;;;;;;;x
EVTOPTD31203121;I have lived my life with honor.;;;;;;;;;;;;;x
EVTNAME31203125;A Legendary Sword;;;;;;;;;;;;;x
EVTDESC31203125;Your [GetFromRelation] [From.GetTitledFirstName] has decreed that the ancient family sword, 'Excalibur', also known as 'Caledfwylch', one of the thirteen legendary Treasures of Britain, shall be bestowed upon you. Use it with wisdom.;;;;;;;;;;;;;x
EVTOPTA31203125;It shall be done.;;;;;;;;;;;;;x
EVTDESC318200;You realize one day that you do not feel as vibrant or capable as you used to be. After all, you are elderly now, having lived many decades. People only live so long, and sooner or later, you, too, will die and join your forefathers in the afterlife...;;;;;;;;;;;;;x
EVTOPTA318200;Indeed. But with age also comes wisdom...;;;;;;;;;;;x
EVTDESC319050;Under the rule of [Root.GetTitledFirstName], the [Root.PrimaryTitle.GetFullName] has had more than ten years of undisturbed peace. Memories of war and battles are fading away, and vassals and courtiers are devoting themselves more and more to administration, politics and plotting, rather than to martial duties.;;;;;;;;;;;;;x
EVTOPTA319050;May this land never suffer the cruelty of war again.;;;;;;;;;;;x
EVTDESC319051;Under the rule of [Root.GetTitledFirstName], the [Root.PrimaryTitle.GetFullName] has had more than fifteen years of undisturbed peace. Memories of war and battles are fading away, and vassals and courtiers are devoting themselves more and more to administration, politics and plotting, rather than to martial duties.;;;;;;;;;;;;;x
EVTOPTA319051;May this land never suffer the cruelty of war again.;;;;;;;;;;;x
EVTDESC319052;Under the rule of [Root.GetTitledFirstName], the [Root.PrimaryTitle.GetFullName] has had more than twenty years of undisturbed peace. Memories of war and battles are fading away, and vassals and courtiers are devoting themselves more and more to administration, politics and plotting, rather than to martial duties.;;;;;;;;;;;;;x
EVTOPTA319052;May this land never suffer the cruelty of war again.;;;;;;;;;;;x
EVTNAME62000;The Siege of [Root.Siege.GetName];;;;;;;;;;;;;x
EVTNAME62001;The Siege of [Root.Siege.GetName];;;;;;;;;;;;;x
EVTNAME62002;The Siege of [Root.Siege.GetName];;;;;;;;;;;;;x
EVTNAME62003;The Siege of [Root.Siege.GetName];;;;;;;;;;;;;x
EVTNAME62004;The Siege of [Root.Siege.GetName];;;;;;;;;;;;;x
EVTNAME62005;The Siege of [Root.Siege.GetName];;;;;;;;;;;;;x
EVTNAME62006;The Siege of [Root.Siege.GetName];;;;;;;;;;;;;x
EVTNAME62007;The Siege of [Root.Siege.GetName];;;;;;;;;;;;;x
EVTNAME62008;The Siege of [Root.Siege.GetName];;;;;;;;;;;;;x
EVTNAME62009;The Siege of [Root.Siege.GetName];;;;;;;;;;;;;x
EVTOPTA62000;A blow was struck.;;;;;;;;;;;;;x
EVTOPTA62001;A blow was struck.;;;;;;;;;;;;;x
EVTOPTA62002;Surrender comes sooner.;;;;;;;;;;;;;x
EVTOPTA62003;Surrender comes sooner.;;;;;;;;;;;;;x
EVTOPTA62004;It was necessary.;;;;;;;;;;;;;x
EVTDESC62005;Treachery, ever the bane of a defending garrison. The word is out someone has made contact with the attackers. Only a few know for sure the rest it is a matter of speculation. The defenders of [From.Siege.GetName] are sure that this move means their days are numbered.;;;;;;;;;;;;;x
EVTOPTA62005;A seed is planted...;;;;;;;;;;;;;x
EVTDESC62006;Large numbers of people in a confined area is never healthy. The risk of disease is ever present. Unsanitary conditions have led to just such an outbreak. Already the commander of the siege of [From.Siege.GetName] is working to mitigate the problem but the damage is done.;;;;;;;;;;;;;x
EVTOPTA62006;The attack weakens...;;;;;;;;;;;;;x
EVTDESC62007;The spectre of hunger is an ever present fear for the defenders. The cruel arithmetic of a siege means that as defenders of [From.Siege.GetName] starve to death there is more food for those that remain.;;;;;;;;;;;;;x
EVTDESC62008;The walls are long and constant vigilance is impossible, and enterprising traders know that a city under siege is a ripe market for food. One such trader managed to succeed in smuggling through some food. Although nowhere near sufficient to sustain the garrison  of [From.Siege.GetName], it brings fresh heart to the defenders.;;;;;;;;;;;;;x
EVTOPTA62008;The siege lengthens...;;;;;;;;;;;;;x
EVTDESC62009;Paradoxically a siege camp is a ripe target for bandits - although there may be lots of soldiers there, they are all looking the wrong way. A series of raids have lead to some loss of life amongst the attackers of [From.Siege.GetName] as they attempted to repel them.;;;;;;;;;;;;;x
EVTOPTA62009;Damn them!;;;;;;;;;;;;;x
EVTDESC62500;I was captured during the siege of [From.GetName] by [From.GetTitledName] and am now [From.GetHerHis] prisoner.;;;;;;;;;;;;;x
EVTOPTA62500;Curses!;;;;;;;;;;;;;x
EVTDESC62501;[From.GetTitledName] was captured during the siege of [FromFrom.GetName] and is now my prisoner.;;;;;;;;;;;;;x
EVTOPTA62501;Good.;;;;;;;;;;;;;x
EVTDESC73201;[From.GetBestName] claims that [From.GetSheHe] would be a better military advisor than [Root.job_marshal.GetTitledFirstName], and petitions that [From.GetSheHe] should be given the title of [Root.GetMarshalName] of the [Root.PrimaryTitle.GetFullName].;;;;;;;;;;;;;x
EVTOPTA73201;I agree. [From.GetSheHeCap] shall be appointed as [Root.GetMarshalName].;;;;;;;;;;;;;x
EVTOPTB73201;We should give [Root.job_marshal.GetFirstName] a chance to improve.;;;;;;;;;;;;;x
EVTOPTC73201;Enough! I rule in the [Root.PrimaryTitle.GetFullName]!;;;;;;;;;;;;;x
EVTOPTA73204;Very well. [From.GetSheHeCap] shall be appointed as [Root.GetMarshalName].;;;;;;;;;;;;;x
EVTDESC73211;[From.GetBestName] claims that [From.GetSheHe] would be a better advisor in matters of deception and intrigue than [Root.job_spymaster.GetTitledFirstName], and petitions that [From.GetSheHe] should be given the title of [Root.GetSpymasterName] of the [Root.PrimaryTitle.GetFullName].;;;;;;;;;;;;;x
EVTOPTA73211;I agree. [From.GetSheHeCap] shall be granted a seat in the Council.;;;;;;;;;;;;;x
EVTOPTB73211;We should give [Root.job_spymaster.GetTitledFirstName] a chance to improve.;;;;;;;;;;;;;x
EVTOPTA73214;Very well. [From.GetSheHeCap] shall be granted a seat in the Council.;;;;;;;;;;;;;x
EVTOPTC73211;Enough! I rule in the [Root.PrimaryTitle.GetFullName]!;;;;;;;;;;;;;x
EVTDESC73221;[From.GetBestName] claims that [From.GetSheHe] would be a better advisor in matters of trade and administration than [Root.job_treasurer.GetTitledFirstName], and petitions that [From.GetSheHe] should be given the title of [Root.GetTreasurerName] of the [Root.PrimaryTitle.GetFullName].;;;;;;;;;;;;;x
EVTOPTA73221;I agree. [From.GetSheHeCap] shall be granted a seat in the Council.;;;;;;;;;;;;;x
EVTOPTB73221;Not yet. Give [Root.job_treasurer.GetFirstName] a chance to improve.;;;;;;;;;;;;;x
EVTOPTC73221;Enough! I rule in the [Root.PrimaryTitle.GetFullName]!;;;;;;;;;;;;;x
EVTOPTA73224;Very well. [From.GetSheHeCap] shall be granted a seat in the Council.;;;;;;;;;;;;;x
EVTDESC73231;[From.GetBestName] claims that [From.GetSheHe] would be a better religious and spiritual advisor than [Root.job_spiritual.GetTitledFirstName], and petitions that [From.GetSheHe] should be given the title of [Root.GetLordSpiritualName] and granted a seat in the Council of the [Root.PrimaryTitle.GetFullName].;;;;;;;;;;;;;x
EVTOPTA73231;I agree. [From.GetSheHeCap] shall be appointed as [Root.GetLordSpiritualName].;;;;;;;;;;;;;x
EVTOPTB73231;Not yet. [Root.job_spiritual.GetTitledFirstName] deserves a chance to improve.;;;;;;;;;;;;;x
EVTOPTC73231;I rule in the [Root.PrimaryTitle.GetFullName]!;;;;;;;;;;;;;x
EVTOPTA73234;Very well. [From.GetSheHeCap] shall be our [Root.GetLordSpiritualName].;;;;;;;;;;;;;x
EVTDESC73241;[From.GetBestName] claims that [From.GetSheHe] would be a better diplomat and advisor than [Root.job_chancellor.GetTitledFirstName], and petitions that [From.GetSheHe] should be given the title of [Root.GetChancellorName] of the [Root.PrimaryTitle.GetFullName].;;;;;;;;;;;;;x
EVTOPTA73241;I agree. [From.GetSheHeCap] shall be appointed as [Root.GetChancellorName].;;;;;;;;;;;;;x
EVTOPTB73241;Give [Root.job_chancellor.GetTitledFirstName] a chance to improve.;;;;;;;;;;;;;x
EVTOPTC73241;Enough! I will hear no more of this!;;;;;;;;;;;;;x
EVTOPTA73244;Very well. [From.GetSheHeCap] shall be appointed as [Root.GetChancellorName].;;;;;;;;;;;;;x
EVTDESC75000;[Root.GetChancellorName] [Root.job_chancellor.GetTitledFirstName] has done a superb job so far. Today a merchant from [Root.Location.GetName] requested my support in a dispute with a feudal lord from the local manor. I shall send my [Root.GetChancellorName] [Root.job_chancellor.GetTitledFirstName] to try and solve the dispute between them, but if no agreement can be found, who should I favor?;;;;;;;;;;;;;x
EVTOPTA75000;The merchant!;;;;;;;;;;;;;x
EVTOPTB75000;The feudal lord!;;;;;;;;;;;;;x
EVTDESC75001;[Root.GetMarshalName] [Root.job_marshal.GetTitledFirstName] has done a superb job so far, and everyone seems to like [Root.job_marshal.GetHerHim]. I am deciding between sending [Root.job_marshal.GetHerHim] to heighten the morale of the troops, or to recruit and train more levies.;;;;;;;;;;;;;x
EVTOPTA75001;Send [Root.job_marshal.GetHerHim] to heighten the morale of our warriors.;;;;;;;;;;;;;x
EVTOPTB75001;Order the [Root.GetMarshalName] to recruit and train more levies.;;;;;;;;;;;;;x
EVTDESC75031;[Root.GetChancellorName] [From.GetTitledFirstName] is not performing as well as expected, [From.GetHerHis] slothfulness makes [From.GetHerHim] go to extreme lenghts to avoid having to do any actual work. Something must be done.;;;;;;;;;;;;;x
EVTOPTA75031;I will confront [Root.GetChancellorName] [From.GetTitledFirstName].;;;;;;;;;;;;;x
EVTOPTB75031;Wait. Let us give [From.GetHerHim] one last chance to sharpen up.;;;;;;;;;;;;;x
EVTOPTC75031;This can not be tolerated! Seize and imprison the [Root.GetChancellorName]!;;;;;;;;;;;;;x
EVTDESC75095;[Root.GetTreasurerName] [Root.job_treasurer.GetFirstName] probably did not think I would notice a few coins missing, but the steady disappearance made me suspicious. Might it be that the gold is disappearing into [Root.job_treasurer.GetTitledFirstName]'s pockets?;;;;;;;;;;;;;x
EVTOPTA75095;Question the [Root.GetTreasurerName] about the missing gold.;;;;;;;;;;;;;x
EVTTOOLTIP75096;[This.GetTitledFirstName] is questioned by [Root.GetTitledFirstName];;;;;;;;;;;;;x
EVTOPTB75095;I do not really care about this. Leave [Root.job_treasurer.GetFirstName] be.;;;;;;;;;;;;;x
EVTDESC75098;I found some more evidence [Root.GetTreasurerName] [From.GetTitledFirstName] had stolen the money and confronted [From.GetHerHim] with it. [From.GetSheHeCap] confessed and begged me to be just with my punishment.;;;;;;;;;;;;;x
EVTOPTA75098;You will return the gold you stole, [From.GetFirstName], and more.;;;;;;;;;;;;;x
EVTOPTB75098;Guards! Imprison the [Root.GetTreasurerName] and lock [From.GetHerHim] up in chains!;;;;;;;;;;;;;x
EVTOPTC75098;I shall be merciful. [From.GetFirstName] will be forgiven...;;;;;;;;;;;;;x
EVTDESC94016;You have decided to join your personal guard in their daily training at dawn. Things were a bit stiff at first, but when they realized you wouldn't have them beheaded for scoring hits on you with their wooden practise swords, they taught you many valuable lessons. Your martial skill has improved.;;;;;;;;;;;;;x
EVTOPTA94016;They are good lads. A morning well spent!;;;;;;;;;;;;;x
EVTDESC94017;You have been studying the art of mounted combat under the tutelage of a skilled local horseman. The bruises you have incurred from falling off your horse will heal in time and they are a small price to pay for your increased horsemanship.;;;;;;;;;;;;;x
EVTOPTA94017;Excellent.;;;;;;;;;;;;;x
EVTNAME319100;Maxima Ceasariensis inactive;;;;;;;;;;;;;x
EVTDESC319100;For whatever reason, Maxima Ceasriensis has become inactive when it shouldn't have.;;;;;;;;;;;;;x
EVTOPTA319100;Uh oh...;;;;;;;;;;;;;x
EVTNAME319101;Flavia Ceasariensis inactive;;;;;;;;;;;;;x
EVTDESC319101;For whatever reason, Flavia Ceasriensis has become inactive when it shouldn't have.;;;;;;;;;;;;;x
EVTOPTA319101;Uh oh...;;;;;;;;;;;;;x
EVTNAME319102;Britannia Prima inactive;;;;;;;;;;;;;x
EVTDESC319102;For whatever reason, Britannia Prima has become inactive when it shouldn't have.;;;;;;;;;;;;;x
EVTOPTA319102;Uh oh...;;;;;;;;;;;;;x
EVTNAME319103;Britannia Secunda inactive;;;;;;;;;;;;;x
EVTDESC319103;For whatever reason, Britannia Secunda has become inactive when it shouldn't have.;;;;;;;;;;;;;x
EVTOPTA319103;Uh oh...;;;;;;;;;;;;;x
EVTNAME319104;Valentia inactive;;;;;;;;;;;;;x
EVTDESC319104;For whatever reason, Valentia has become inactive when it shouldn't have.;;;;;;;;;;;;;x
EVTOPTA319104;Uh oh...;;;;;;;;;;;;;x
EVTOPTH_WoL_5203;Addanc.;;;;;;;;;;;;;x
EVTOPTI_WoL_5203;Giantess.;;;;;;;;;;;;;x
EVTOPTJ_WoL_5203;Balor.;;;;;;;;;;;;;x
EVTOPTK_WoL_5203;Hel.;;;;;;;;;;;;;x
EVTOPTL_WoL_5203;Logi.;;;;;;;;;;;;;x
EVTOPTM_WoL_5203;Hella.;;;;;;;;;;;;;x
EVTOPTN_WoL_5203;Halja.;;;;;;;;;;;;;x
EVTOPTP_WoL_5203;Saubarag.;;;;;;;;;;;;;x
EVTOPTQ_WoL_5203;Typhon;;;;;;;;;;;;;x
EVTOPTR_WoL_5203;Jupiter.;;;;;;;;;;;;;x
EVTOPTS_WoL_5203;Ahriman.;;;;;;;;;;;;;x
EVTOPTT_WoL_5203;Jentilak.;;;;;;;;;;;;;x
EVTOPTH_WoL_5221;Addanc, catch!;;;;;;;;;;;;;x
EVTOPTI_WoL_5221;Giantess, catch!;;;;;;;;;;;;;x
EVTOPTJ_WoL_5221;Balor, catch!;;;;;;;;;;;;;x
EVTOPTK_WoL_5221;Hel, catch!;;;;;;;;;;;;;x
EVTOPTL_WoL_5221;Logi, catch!;;;;;;;;;;;;;x
EVTOPTM_WoL_5221;Hella, catch!;;;;;;;;;;;;;x
EVTOPTN_WoL_5221;Halja, catch!;;;;;;;;;;;;;x
EVTOPTP_WoL_5221;Saubarag, catch!;;;;;;;;;;;;;x
EVTOPTQ_WoL_5221;Typhon, catch!;;;;;;;;;;;;;x
EVTOPTR_WoL_5221;Jupiter, catch!;;;;;;;;;;;;;x
EVTOPTS_WoL_5221;Ahriman, catch!;;;;;;;;;;;;;x
EVTOPTT_WoL_5221;Jentilak, catch!;;;;;;;;;;;;;x
EVTOPTH_WoL_5290_dog;A pyramid for Addanc!;;;;;;;;;;;;;x
EVTOPTI_WoL_5290_dog;A pyramid for Giantess!;;;;;;;;;;;;;x
EVTOPTJ_WoL_5290_dog;A pyramid for Balor!;;;;;;;;;;;;;x
EVTOPTK_WoL_5290_dog;A pyramid for Hel!;;;;;;;;;;;;;x
EVTOPTL_WoL_5290_dog;A pyramid for Logi!;;;;;;;;;;;;;x
EVTOPTM_WoL_5290_dog;A pyramid for Hella!;;;;;;;;;;;;;x
EVTOPTN_WoL_5290_dog;A pyramid for Halja!;;;;;;;;;;;;;x
EVTOPTP_WoL_5290_dog;A pyramid for Saubarag!;;;;;;;;;;;;;x
EVTOPTQ_WoL_5290_dog;A pyramid for Typhon!;;;;;;;;;;;;;x
EVTOPTR_WoL_5290_dog;A pyramid for Jupiter!;;;;;;;;;;;;;x
EVTOPTS_WoL_5290_dog;A pyramid for Ahriman!;;;;;;;;;;;;;x
EVTOPTT_WoL_5290_dog;A pyramid for Jentilak!;;;;;;;;;;;;;x
EVTOPTAWoL_6170_TOOLTIP;Zealous and priestly characters will be angry, decreasing §YOpinion§! by §R-10§! for §Y5§! years\n;;;;;;;;;;;;;x
### RIP EVENTS ###
EVTDESCRIP.5041;You are thrown between waves of chills and sweats. Food has lost its appeal and no amount of sleep seems to remedy your fatigue. It seems you have contracted the Saxon Plague.;;;;;;;;;;;;;x
EVTDESCRIP.5045;Cycles of coldness and fever incapacitate you every few days, leaving you shivering in your bed. You have contracted the Roman Fever.;;;;;;;;;;;;;x
EVTDSC_RIP_5060_SAXONPLAGUE;These are dark days. My [GetFromRelation], [From.GetTitledFirstName], has been growing weaker and weaker over the last few weeks and I have just been informed that [From.GetHerHis] affliction is indeed the Saxon Plague.;;;;;;;;;;;;;x
EVTDSC_RIP_5060_MALARIA;These are dark days. My [GetFromRelation], [From.GetTitledFirstName], has been beset by debilitating fatigue and a recurring fever. I have just been informed that [From.GetHerHis] affliction is indeed Roman Fever.;;;;;;;;;;;;;x
EVTDESC_RIP_91024;You awake rejuvenated. After some moments of disbelief you realize that your fever has passed and your appetite has returned. You have survived the Saxon Plague.;;;;;;;;;;;;;x
EVTDESC_RIP_91025;The fever has not returned for many days now, and you finally have the energy to move around again. You have survived Roman Fever.;;;;;;;;;;;;;x
EVTDESC_RIP_11045_has_saxon_plague;[From.GetTitledName] is fairly sure you are developing the Saxon Plague. [From.GetSheHeCap] insists that you follow [From.GetHerHis] instructions.;;;;;;;;;;;;;x
EVTDESC_RIP_11045_has_saxon_plague_horse;[From.GetTitledName] thinks you sound rather horse and is concerned that you may be developing the Saxon Plague. [From.GetSheHeCap] insists that you follow [From.GetHerHis] instructions.;;;;;;;;;;;;;x
EVTDESC_RIP_11045_has_saxon_plague_certain;[From.GetTitledName] states that [From.GetHerHis] extensive medical experience leads [From.GetHerHim] to the certain conclusion that you are developing the Saxon Plague. [From.GetSheHeCap] insists that you follow [From.GetHerHis] instructions.;;;;;;;;;;;;;x
EVTDESC_RIP_11045_has_saxon_plague_sure;[From.GetTitledName] is sure you are developing the Saxon Plague. [From.GetSheHeCap] insists that you follow [From.GetHerHis] instructions.;;;;;;;;;;;;;x
EVTDESC_RIP_11045_has_saxon_plague_uncertain;[From.GetTitledName] hesitantly suggests you are probably developing the Saxon Plague, or something like that. [From.GetSheHeCap] insists that you follow [From.GetHerHis] instructions.;;;;;;;;;;;;;x
EVTDESC_RIP_11045_has_malaria;[From.GetTitledName] is fairly sure you are developing Roman Fever. [From.GetSheHeCap] insists that you follow [From.GetHerHis] instructions.;;;;;;;;;;;;;x
EVTDESC_RIP_11045_has_malaria_horse;[From.GetTitledName] know he cannot be foaled - he knows that you have contracted Roman Fever. [From.GetSheHeCap] insists that you follow [From.GetHerHis] instructions.;;;;;;;;;;;;;x
EVTDESC_RIP_11045_has_malaria_certain;[From.GetTitledName] states that [From.GetHerHis] extensive medical experience leads [From.GetHerHim] to the certain conclusion that you are developing Roman Fever. [From.GetSheHeCap] insists that you follow [From.GetHerHis] instructions.;;;;;;;;;;;;;x
EVTDESC_RIP_11045_has_malaria_sure;[From.GetTitledName] is sure you are developing Roman Fever. [From.GetSheHeCap] insists that you follow [From.GetHerHis] instructions.;;;;;;;;;;;;;x
EVTDESC_RIP_11045_has_malaria_uncertain;[From.GetTitledName] hesitantly suggests you are probably developing Roman Fever, or something like that. [From.GetSheHeCap] insists that you follow [From.GetHerHis] instructions.;;;;;;;;;;;;;x

EVTDESC_RIP_11053_MANICHEAN_MERCHANT;A Romano-Gallic scholar recently arrived in [Root.Capital.GetName]. Your guards report that, under the guise of providing free medical examinations, this '[recruited_physician_target.GetFirstName]' had used the opportunity to preach the Gospel of Mani! The guards locked [recruited_physician_target.GetHerHim] up for [recruited_physician_target.GetHerHis] own good, but perhaps [recruited_physician_target.GetSheHe] could work as your physician?;;;;;;;;;;;;;x

CHRONICLE_DISTANT_PLAGUE;On [GetDateText], word reached us that the dreaded Plague of Justinian has arrived in Western Europe;;;;;;;;;;;;;x
CHRONICLE_GAUL_GONE;On [GetDateText] word reached us that Gaul has been widely depopulated by the dreaded Plague.;;;;;;;;;;;;;x
CHRONICLE_BRITANNIA_GONE;On [GetDateText] word reached us that Britannia has been widely Depopulated by the dreaded Plague.;;;;;;;;;;;;;x
CHRONICLE_CALEDONIA_GONE;On [GetDateText] word reached us that Caledonia has been widely Depopulated by the dreaded Plague.;;;;;;;;;;;;;x
CHRONICLE_HIBERNIA_GONE;On [GetDateText] word reached us that Hibernia has been widely Depopulated by the dreaded Plague.;;;;;;;;;;;;;x
CHRONICLE_GERMANIA_GONE;On [GetDateText] word reached us that Germania has been widely Depopulated by the dreaded Plague.;;;;;;;;;;;;;;x
CHRONICLE_SCANDINAVIA_GONE;On [GetDateText] word reached us that Scandinavia has been widely Depopulated by the dreaded Plague.;;;;;;;;;;;;;x
EVTNAME_RIP_10015;Gaul Ravaged by Plague;;;;;;;;;;;;;x
EVTDESC_RIP_10015;The rivers that once brought trade, wealth, and prosperity to Gaul have now become carriers of death, as the dreaded Plague of Justinian ravages the region. Spreading like a wheat field set on fire, the countryside of the afflicted areas have been left haunting and desolate, with the cities faring no better.;;;;;;;;;;;;;x
EVTNAME_RIP_10016;Britannia Ravaged by Plague;;;;;;;;;;;;;x
EVTDESC_RIP_10016;Trade routes from the south have brought death and devastation to Britannia, as the Yellow Plague strikes down kings and peasants alike. The old Roman cities of Britannia are now lined with the bodies of the dead, with some completely abandoned and now seen as cursed.;;;;;;;;;;;;;x
EVTNAME_RIP_10017;Caledonia Ravaged by Plague;;;;;;;;;;;;;x
EVTDESC_RIP_10017;Not even the hardiest of the Celts can resist the terrors of the Plague, as it reaks havoc over the highlands of Caledonia. Farms, villages, and forts that once dotted the highlands now lie fallow and abandoned, their former inhabitants having been killed and the few survivors fled.;;;;;;;;;;;;;x
EVTNAME_RIP_10018;Hibernia Ravaged by Plague;;;;;;;;;;;;;x
EVTDESC_RIP_10018;The Plague has spread across Hibernia, reaping its victims from across the Emerald Isle. Not even the men of God have been spared from this scourge, as churches and monasteries are overwhelmed by the dead and struggle to replace the dying monks and bishops ministering to the numerous dead and dying.;;;;;;;;;;;;;x
EVTNAME_RIP_10019;Germania Ravaged by Plague;;;;;;;;;;;;;x
EVTDESC_RIP_10019;A dark shadow has spread from the Rhenus to the Albis as the Plague rages across Germania. Tribe after tribe celebrates the ravage of their neighbours, only to be decimated when the plague arrives a short while later. The only thing that propers are the great funeral pyres, swelled by the ranks of the Plague's victims.;;;;;;;;;;;;;x
EVTNAME_RIP_10020;Scandinavia Ravaged by Plague;;;;;;;;;;;;;x
EVTDESC_RIP_10020;Not even the cold, northern lands of the Norse have been spared from the terrors of the Plague. The sea that was once their lifeblood has now become their scourge, as the Plague arrives the harbours and spreads inland, reaping a wide path of death and despair in its wake.;;;;;;;;;;;;;x
### MNM EVENTS ###
EVTOPTC_MNM_4610_holy_painting;Start planning the theft of the §YHoly Painting§!!;;;;;;;;;;;;;x
EVTNAME_BTWK_MNM_1;The Holy Painting;;;;;;;;;;;;;x
EVTDESC_BTWK_MNM_1;Returning from [relic_hunter.GetHerHis] travels, your [relic_hunter.GetJobTitle] [relic_hunter.GetTitledFirstName] enters your court and presents to you an old painting, faded over the centuries and yet still possessing a certain intrinsic beauty. As you admire the ethereal quality of the painting, [relic_hunter.GetFirstName] proudly declares that the piece's artist was none other than the prophet Mani himself!;;;;;;;;;;;;;x
EVTDESC_BTWK_MNM_2;[relic_hunter.GetTitledFirstName] has returned, carrying with [relic_hunter.GetHerHim] a box which he presents to you. As you lift the lid your eye is caught by the glittering beauty of an engraved letter, carved in painstainking detail - without a doubt, on of the most beautiful and ornate copies of the Gospel of Mani you have ever seen!;;;;;;;;;;;;;x
### HF EVENTS ###
EVTDESCHF20003_celtic;TODO;;;;;;;;;;;;;x
EVTDESCHF20003_alan;The [sponsoring_king.Religion.GetName] priests arrive at [converting_king.Capital.GetName] on horseback, carrying the tall, shining statue of the sun goddess [sponsoring_king.Religion.GetHighGodName] to the center of your capital. \nYou meet them with your vassals, surrounded by a crowd of commoners, and publicly renounce your old gods before bowing to the golden idol. \nThe idol is placed in the centre of the main temple and the priests set a sacred fire at its feet, tossing the idols of your old gods to fuel the flames. Outside, the temple is finally sanctified by a sacrifice of a hundred horses, cattle, and captives over a wooden altar, pouring the sacrificial blood over your kingdom's new sword of Agin.;;;;;;;;;;;;;x
EVTDESCHF20003_vasconic;TODO;;;;;;;;;;;;;x
EVTDESCHF20003_manichean;TODO;;;;;;;;;;;;;x
EVTDESCHF20004_celtic;TODO;;;;;;;;;;;;;x
EVTDESCHF20004_alan;TODO;;;;;;;;;;;;;x
EVTDESCHF20004_vasconic;TODO;;;;;;;;;;;;;x
EVTDESCHF20004_manichean;TODO;;;;;;;;;;;;;x
EVTDESCHF20008_celtic_convert;TODO;;;;;;;;;;;;;x
EVTDESCHF20008_alan_convert;TODO;;;;;;;;;;;;;x
EVTDESCHF20008_vasconic_convert;TODO;;;;;;;;;;;;;x
EVTDESCHF20008_manichean_convert;TODO;;;;;;;;;;;;;x
EVTDESCHF20008_celtic_non_convert;TODO;;;;;;;;;;;;;x
EVTDESCHF20008_alan_non_convert;TODO;;;;;;;;;;;;;x
EVTDESCHF20008_vasconic_non_convert;TODO;;;;;;;;;;;;;x
EVTDESCHF20008_manichean_non_convert;TODO;;;;;;;;;;;;;x
EVTDESCHFA20217;To [Root.GetTitledName],\nI will gladly recognize your divine right to rule, as soon as you prove your devotion to the [From.Religion.GetName] faith by donating land for the upkeep of the church that works so hard to support the faith and your rule. \n\nSincerely,\n[From.GetTitledName];;;;;;;;;;;;;x
EVTOPTAHF20217;The church will have its lands.;;;;;;;;;;;;;x
EVTOPTBHF20217;I do not wish to give away pieces of my land for a crown.;;;;;;;;;;;;;x
EVTOPTHF23003_all;All religions are worthy of studying.;;;;;;;;;;;;;x
EVTDESCHF23470_briton;TODO;;;;;;;;;;;;;x
EVTDESCHF23470_pict;TODO;;;;;;;;;;;;;x
EVTDESCHF23470_gael;TODO;;;;;;;;;;;;;x
EVTDESCHF23470_germanic;TODO;;;;;;;;;;;;;x
EVTDESCHF23470_frankish;TODO;;;;;;;;;;;;;x
EVTDESCHF23470_suebic;TODO;;;;;;;;;;;;;x
EVTDESCHF23470_gothic;TODO;;;;;;;;;;;;;x
EVTDESCHF23470_alan;TODO;;;;;;;;;;;;;x
EVTDESCHF23470_vasconic;TODO;;;;;;;;;;;;;x
EVTDESCHF25006;As the [alan_pagan_reformed.GetName] mystics surround me, preparing my body and mind for the ritual, one of them asks me what do I wish to do with the power bestowed to me by [alan_pagan_reformed.GetHighGodName].;;;;;;;;;;;;;x
EVTDESCHF25064;The §YHillfort§! in §Y[From.GetName]§! has been upgraded.;;;;;;;;;;;;;x
EVTDESCHF25066;The §YRoman Fort§! in §Y[From.GetName]§! has been upgraded.;;;;;;;;;;;;;x
EVTDESCHF25600_celtic;TODO;;;;;;;;;;;;;x
EVTDESCHF25600_alan;TODO;;;;;;;;;;;;;x
EVTDESCHF25600_vasconic;TODO;;;;;;;;;;;;;x
